kind,videoId
youtube#video,mO8I4tlgeJE
youtube#video,E3yw5hgyd48
youtube#video,RFvKEsvt7LY
youtube#video,_YdLiPrRLFs
youtube#video,qYO2CA6nuro
youtube#video,uH0UQl5JC2c
youtube#video,-zCsllWJ3A8
youtube#video,SXV0sfkOw10
youtube#video,HCAa0P0Hwl8
youtube#video,DhCJuJoE6wM
youtube#video,JYW3g8KRs78
youtube#video,bLOApLZ7Iw8
youtube#video,Nh-WRSpVDcc
youtube#video,wEWxmhNn-jo
youtube#video,kidGo8l44d0
youtube#video,J8nmROZWMKU
youtube#video,xsrk8inmgx4
youtube#video,1UlyxA9M1N4
youtube#video,EPw0w2xfQM0
youtube#video,rI_sjXt1PSw
